creator_id,creator_name
2560319,Rockitman
722679,EL CAPITXN
2748606,Vince
2950352,Steve Mac
2940838,Likey
674327,이래언
857998,미미 (오마이걸)
605902,TEDDY
785501,디핵 (D-Hack)
2867054,Andreas Johansson
2117527,Colin Magalong
872,오태호
2242475,Jeon Jin
915828,조셉 케이
602180,차쿤
904925,BRLLNT
2899557,카리나 (KARINA)
1705340,MILLENNIUM
237650,이진성 (먼데이 키즈)
2020029,ROCK IT PRODUCTIONS
1648191,Jessica Agombar
608300,VMX(바닐라맨)
637731,Maxx Song
3135555,박강일 (Rebuild)
718939,Stally
2876891,교교 (gyogyo)
2006970,빅가이로빈 (bigguyrobin)
1907445,박문치
2403470,NONFICTION
2112929,레드쿠키
2636153,이영지
868682,호시
3470800,Frankie Scoca
632611,KingMing
2944161,Factist
3116664,민지(MINJI)
2751037,GHSTLOOP
3236194,Emily Harbakk
748528,Rachel Furner
2638174,Julia Ross
2751673,유정현
2622534,리트너
2855672,Printz Board
3093351,이형석(PNP)
861809,라이언 전
3807247,Leslie (XYXX)
2084995,danke
2881291,LIL G
868679,Vernon
777562,Melanie Joy Fontana
873690,Jon Bellion
1285726,이현영
3087234,Elle Campbell
2298855,Skinny Brown
696412,송성경
1202647,Krysta Youngs
883258,Dwayne “Dem Jointz” Abernathy Jr.
673,강은경
2867058,Celine Svanback
3808,김진아
2403793,Moonshine
8933,김대원
54478,최규성
680692,정수민(SSMusic)
3100548,차리 (153/Joombas)
2007080,트웰브 (twlv)
100094,자우림
883258,Dem Jointz
880720,리베 피아노
2749946,AHIN
786888,LTAK
3064156,Taylor Monet Parks
785579,WOOGIE
13476,함준석
612435,황현 (MonoTree)
2939017,Alex Bilowitz
3957494,Christopher Brody Brown
2961911,Stephen Puth
2926813,Glenn
1702472,원슈타인
3072079,Kris Jana
5926,박성일
839379,Daniel Davidsen
3055641,Sofia Quinn
202530,염따
1229593,사승호
875079,August Rigo
1033,주영훈
1866689,우원재
789082,새봄 (saevom)
3100257,David Arkwright
2735847,Daniel Caesar
247903,KZ
43739,박세준
602056,지코 (ZICO)
12081,로빈(ROVIN)
719805,오동준
2622003,진솔
763813,로코베리
1956086,김시온
1648,유건형
37626,앤드
49694,김정배
3493,양정승
773447,밍지션
607427,김창락
214784,이수 (엠씨더맥스)
2400067,SLAY (슬레이)
2750866,PATEKO (파테코)
990815,Cashbanger
418361,마부스 (Maboos)
2084169,Afshin Salmani
3689696,Alex Fernandez
3571996,Morgan Connie Smith
2736643,Alawn
2855684,Ellis Miah
3462448,김수형
2118144,Sean Turk
2899436,Marcia `MISHA` Sondeijker
2896023,조수진
3574390,Jimmy Burney (153/Joombas)
2622024,제인스 (Jayins)
828526,Ninos Hanna
2751687,Oscar Scheller
944881,DOKO (도코)
710659,Supreme Boi
3478488,세영 (153/Joombas)
175155,먼데이 키즈
608334,김호경
641751,한상원
721980,구름
236815,다비치
537920,Zion.T
1759392,Oneye
59287,김태훈
895390,원필 (DAY6)
3061770,김석영
738480,박재정
723211,임광균
2914866,dwilly
994944,임영웅
2956876,MCK (ARTiffect)
3257247,박주현
2880151,김키위
609972,안복진
1865555,L.NDN (런던)
2630993,VIP
602674,김희탐
2635617,Chloe Copoloff
2190842,메이커 (Maker)
3093394,장재원
3320358,RISC
3203384,Louise Udin
751075,수윤 (Sooyoon)
8847,장용진
1240034,glowingdog (글로잉독)
995171,로제 (ROSÉ)
2858742,team GALACTIKA *
628831,FLYT
2862839,JAEHA (재하)
2935363,rubyboyyisthegenius
774900,창모 (CHANGMO)
471581,나들
3561409,신나리 (ARTiffect)
747509,Noheul(노을)
895387,eaJ
3236198,Audun Agnar Guldbrandsen
605098,KENZIE
829831,Zara Larsson
3454142,Maia Wright
1285300,Latto
3062390,Heon Seo (헌서)
3461128,Waker (153/Joombas)
3093395,우지민
3054048,Kristin Carpenter
895733,Dwayne Abernathy Jr.
2880147,구여름
2559697,미아(153/Joombas)
2880487,주시크 (Joosiq)
916187,안신애
2878598,강봄
1203128,ADORA
3879530,Joel Malka
2935569,Jeon Myung Hoon
2855685,Martin Sjølie
844304,Druski
2891287,Sonny
895389,Young K (DAY6)
3470802,Kristine Bogan
714604,Maria Marcus
3572006,Taneisha Jackson
510537,신용재 (2F)
2937857,유종호
2925591,GESTURE
827439,이라온
786648,식케이 (Sik-K)
2890079,PhD
620071,Wonderkid
868394,솔희 (SOHLHEE)
6003,윤민석
874344,도겸
2896916,I.AN
4339130,author®
611343,장기하
487740,Rado
1203125,Peter Ibsen
6984,G-DRAGON
612437,Nermin Harambasic
2938344,Sophie Curtis
2893942,FRIDAY. (GALACTIKA *)
2855688,Audien
3116925,Gigi
3236196,Kyle Joseph Faulkner
906888,Jayrah Gibson
868678,S.COUPS
151315,윤민수(바이브)
612432,조윤경
2935,김목경
2204052,Isabella LoveStory
1024715,김효은
4079,“hitman” bang
2935163,LYRE
685124,MUSOH
12943,2soo
3320320,Eline Noelia Myreng
608455,KUSH
712453,이찬혁
3806704,Oscar Bell
3689664,Jordyn Smith
642013,Egg1
580553,최성일
2625699,Feli Ferraro
2855679,Antonina Armato
2938064,Hanbin Kim
2633230,Destiny Rogers
861811,G'harah 'PK' Degeddingseze
182123,David Guetta
1024478,동우석
3320345,Fin Dow Smith
2007637,UNEDUCATED KID
9712,강태규
634991,김수빈(AIMING)
3251,황인현
890446,Nmore
2748625,Dominsuk
608880,박수석
3139066,Zzz.
2855692,Wille Tannergard
719219,Uzoechi Emenike
2566859,Erika de Casier
3957499,Omer Fedi
2895886,Jack Brady
1767,김윤아
2641293,은희영
3610638,마젠타
839735,정동환 (멜로망스)
602123,심은지
2631117,노이
413041,엔느
881236,James F. Reynolds
3806705,Stella Bennett
991183,Jinsu Park
1702683,김희원
2243939,서정아
2949569,Willemijn van der Neut
994390,방혜현
3093357,JARO
653952,채정은
720541,1601
2731429,Perrie
1866686,Padi (페디)
1790,박혜경
2866523,미란이 (MIRANI)
826720,FRANTS
696941,전태익
1030,유영진
736322,박지환
981837,Rayker Dane
2894571,Leah Haywood
760762,JS
2139980,Candace Nicole Sosa
601912,Jeon Goon
2639287,Max Lynedoch Graham
873855,EastWest
9467,이요한
773485,제휘
964103,Tove Burman
2924494,LP
2892056,Jossh
772258,잔나비 최정훈
2958898,오현선 (lalala studio)
778979,72
532029,빈지노 (Beenzino)
610840,imsuho
495811,Bruno Mars
787227,페노메코 (PENOMECO)
875016,이도형 (AUG)
698776,백예린 (Yerin Baek)
858547,탐쓴 (TOMSSON)
170978,팔로알토 (Paloalto)
640712,250
1460593,JUNZO
2927943,OGI (GALACTIKA *)
960342,GALAX
2631700,Blush Davis
827322,김승민
753294,한길
924443,Danny Chung
777562,Melanie Fontana
2746431,Ohway!
3060838,이혜준(ONCLASSA)
2867062,Lauritz Christiansen
874347,승관
633071,R.Tee
747828,Cazzi Opeia
875358,임정규
4044,위종수
696850,earattack
3060592,Risto Armas Asikainen
2736890,황두완
3093358,BLVSH
991182,김동현
740021,Ludwig Lindell
3454135,Believve
1814067,RoseInPeace
612485,강지원
3454144,Max Thulin
4626,서동성
3262,Choiza
3116926,Duckbay (Cosmos Studios Stockholm)
2931579,Peridot
1458723,EJAE
4676,조영수
3090135,지훈
2899115,과카 (KWACA)
713986,덕인
708751,Philip Lawrence
3122328,Andrè Jensen
2190059,백곰
698224,Marcus Andersson
3806703,Elvira Anderfjard
3680528,정다슬 (ARTiffect)
674710,Crush
2967881,Jason Hahs
943079,Paul Blanco
788430,전주현
994501,SIHWANG
2400353,Young Chance
673527,홍소진
2637208,K.imazine
3227395,장은지 (153/Joombas)
1758811,Anna Timgren
615734,장연정
2299823,DAMIAN (다미안)
3454140,Arineh Karimi
3689659,Jasmin Lee Maming
3613012,"Amanda ""Kiddo A.I."" Ibanez"
3320355,Starsmith
772715,Rodnae 'Chikk' Bell
3462447,물고기
719219,MNEK
2854631,BuildingOwner
202529,gong (공)
2137950,Laurell
2745413,머쉬베놈 (MUSHVENOM)
774083,김경희
2895887,Jordan Roman
35628,허석
2059609,AVIN (아빈)
3759115,Kloe Latimer
2560907,BXN
3470799,Fine Glindvad Jensen
2946876,상록수
1130,J.Y. Park `The Asiansoul`
2855691,Ellen Berg
958165,Slom
781,박광현
958668,Michel “Lindgren” Schulz
2896926,백마리
2756824,송기영
991183,박진수
2639796,Ronnie Icon
946797,MZMC
585791,JohnJohn
2398376,Zaya (153/Joombas)
714255,알고보니 혼수상태
3206190,박현중
1758583,두번째 별
243232,용준형
2862204,l.vin (Chapter M)
915226,Andrew Watt
3112334,Jessica Pierpoint
2634982,서재환
751611,헤이즈 (Heize)
861136,김홍준
3459292,Cirkut
2762915,박강일
3122333,Iselin Solheim
2139979,Jordan “DJ Swivel” Young
2917118,Jeppe London Bilsby
18,설운도
540661,홍갑
176393,제시 (Jessi)
980594,블루 (BLOO)
1866677,willy
2917119,Lauritz Emil Christiansen
3679765,WASURENAI
3122331,F. Perren
2879425,Sophie 'Frances' Cooke
2746735,미후왕
774375,형광소년
410161,길
4293,류재현
1460343,고선생
861336,Halsey
673423,Andreas Oberg
2940751,박준우
777544,Ylva Dimberg
907465,David Dawood
27744,The Quiett
608046,똘아이박
3879529,홍은희(Jamfactory)
685055,성수용
1134491,OLLIPOP
2945402,Paige Garabito
2939015,Stephen Kirk
3978398,Marcus “MarcLo” Lomax
752425,폴킴
27619,전창엽
856407,강민훈
205746,황치열
12835,고범준
2403002,비비 (BIBI)
445720,지훈
2901535,신성진
761272,LNNN
782988,진리 (Full8loom)
3472605,Theron Makiel Thomas
724188,Gavin Jones
3610893,이동혁
428847,사이먼 도미닉
779912,Brian Lee
3264,Gaeko
60168,이종훈
978350,Wkly
2868971,Ben Samama
979270,룬디 블루스 (Lundi Blues)
2242706,이이진
924416,SUMIN (수민)
3689679,Joseph Barrios
3093330,허윤진
717179,이스란
2402069,OBSN (우비소년)
3064434,yeol
2887580,HOFF
2088048,Scott Stoddart
3454131,Anders Gukko
1605,바다 (BADA)
1759925,서동환
957863,투챔프 (Alive Nation)
2399724,YENA (최예나)
642031,Egg2
2855690,Etta Zelmani
6971,안준영
3811794,길정진 (Jamfactory)
47789,박진호
943511,pH-1
875080,Josh Cumbee
3750723,Ido Nadjar
1703036,OKOK (오케이오케이)
868677,WOOZI
683631,주호
916604,Pontus PJ Ljung
426860,용감한 형제
2086744,Kyler Niko
722722,스텔라장 (Stella Jang)
776561,Fisherman
1049983,안성현 (펀치사운드)
56789,Hyuk Shin (153/Joombas)
826893,Mario Marchetti
2892835,Niklas Jarelius Persson
2631066,Zikai
2872412,Peter Rycroft (aka Lostboy)
3093354,emmy kasai
2855694,Elohim
585492,기리보이
2867136,이기환
3478501,TMM
3614,이현도
2879424,Henrik Michelsen
3455360,하성호
3059039,송유
3576,원상우
45162,영준
916603,Dennis DeKo Kordnejad
763974,권지수
612462,Jennifer Eunsoo Kim
789402,김민기
839736,김민석
2020520,인재
778848,Pop Time
12415,박덕정
875085,Jeremy “Tay” Jasper
2633319,Theron Thomas
3305,성시경
923695,엑시 (우주소녀)
3320372,Kristoffer Tømmerbakke
1758459,윤토벤
3750560,Sandra Wikström
46877,이상준
2867219,Nathalie Boone
2882221,salem ilese
4296,박근철
2642635,심진
625291,김동휘
3748995,제임스
257459,박민지
991788,Rosina 'Soaky' Russell
2740596,Jaero
906533,Julia Michaels
859537,B.O.K
563552,민연재
566431,마크툽 (MAKTUB)
468244,10CM
2867643,정혜원
960306,안지영
9388,방준석
12788,박지원
982324,Mantra
740041,Olof Lindskog
2639302,유상균
861809,RYAN JHUN
748732,Keymaker
958643,Donny
3237,이상순
2855683,Jessie Lauryn Foutz
967229,릴러말즈 (Leellamarz)
446175,브라더수
19,조용필
2867060,Jeppe London
602061,BUMZU
237968,이상훈
2967244,Josefin Glenmark
946140,황선호
3128482,Teodor Herrgardh
781005,어깨깡패
913581,VAN.C
3613014,"Jorge Luis Perez, Jr."
510242,숀 (SHAUN)
3865,싸이 (PSY)
607427,CR KIM
967408,GiiANA
2641415,Charlotte Wilson
828992,SCORE(13)
3107709,Stella Jones (153/Joombas)
567813,허클베리피 (Huckleberry P)
2112493,김하온 (HAON)
944449,Jack
741850,Megatone (13)
197928,성용욱
790514,Hayden Chapman
2761343,AIMING
2296984,권지윤
2112495,ASH ISLAND
2887250,David Stewart
3454601,Ennio Morricone
751133,Neil Ormandy
3749523,Rizin (153/Joombas)
1050107,소연 (SOYEON)
2873562,JINBYJIN
925515,오반(OVAN)
2939020,Ron Perry
3122332,D. Fekaris
2640423,Janet Suhh (자넷서)
160738,유성규
725989,V
3100717,Patricia “Tricia” Battani
2931169,FLIP_00
226587,딥플로우
792171,김지환
2894566,LØREN
551760,도니제이
3227394,Taet Chesterton
610062,양시온
3048947,Strawberrybananaclub
995174,지수 (JISOO)
2633030,O.YEON
2946686,최송희 (ONCLASSA)
606458,Slow Rabbit
2754651,Chin
3093356,Nikolay Mohr
958041,Justin Tranter
2295313,Mr.Black
46492,김건우
751073,Moon Kim (Room01)
2735646,VVN
882672,경재승
2639289,Ryan Lawrie
2400790,The Wavys
3946370,PXPILLON
3231903,BB Elliot
152192,T.O.P
3748994,마틴
2926889,Jess Morgan
2203861,Ludvig Evers
164737,ILLSON
1865473,황인욱
3804145,Paris Alexa
2855693,Gusten Dahlqvist
276166,조휴일
2854860,Elum
428,유유진
2872412,Lostboy
2947942,Shintaro Yasuda
756531,화사 (HWASA)
2203860,Jonatan Gusmark
790513,Greg Bonnick
3959,나얼
1703507,Khundi Panda
2637232,민재현
1285827,문성욱
274866,김도훈 (RBW)
1088,이적
1049964,전병일
672461,넉살
642051,Egg3
839380,Peter Wallevik
2863994,27 corazones
2559695,Surf Green
858851,그루비룸 (GroovyRoom)
6232,김현성
1844,강현민
1814961,Kass
2909487,Saimon
719043,Shaun Kim
2900472,623
3121927,IDO
645671,박강일
602104,별들의 전쟁 (GALACTIKA *)
782776,Jake K (ARTiffect)
2763997,Clyde Kelly
2753718,Louie
2880279,최현석
1066118,문설리
612441,Anne Judith Stokke Wik
2189803,범진
2645474,JEWNO
3459292,Henry Walter
1702434,최인환
6255,박준배
261071,송봉주 (자전거 탄 풍경)
725991,RM
772257,유영현
3688384,Rogét Chahayed
3106439,Benjmn
3236198,Audun Agnar
666058,AVENUE 52
1030,YOO YOUNG JIN
701495,Jenna Andrews
2755798,The TRINITY
2754650,CK
790516,LDN Noise
1816,G. 고릴라
247621,태양
3236197,Lise Reppe
2730026,Bobblehead
10515,한성호
1703164,윤일진
3069364,Kristin Marie
14993,정바비
2083930,못말
604,박경구
202528,음유시인
2635463,John John
781327,Lauren Aquilina
2898185,손박사
3136140,김규범
725985,지민
3157451,Adam Von Mentzer
612441,Anne Judith Wik
612483,CHOICE37
3132364,Paulina “PAU” Cerrilla
2619895,Arto
2398550,박준우
778973,B.E.P
2900110,N!ko
3116665,하니(HANNI)
3051676,벨 (KISS OF LIFE)
861809,Ryan S. Jhun
2402476,viewhorse
9055,전영호
3620519,dazy
3087238,Nick Hahn
168642,Pdogg
3157387,Joh!
611111,진실이
622071,홍지상
2740729,Ellie Suh (153/Joombas)
2748273,신수윤
3074676,신혜미(PNP)
2867059,Chloe Latimer
748263,엉클샘
3566,강화성
1459544,Arlissa Ruppert
747828,Moa `Cazzi Opeia` Carlebecker
1142,임창정
2645474,JEWNO (손준호)
2931872,박민주
721526,최상언
3116671,해린(HAERIN)
680219,이윤혁
627331,DEE.P
16968,PHILL (강필성)
990746,리카 C
923991,박기태
2020891,정진욱
993719,No Identity (노 아이덴티티)
1461084,한밤 (Midnight)
203912,윤하 (YOUNHA)
781017,황유빈 (XYXX)
943259,Bekuh BOOM
2875139,마오 (MaO)
2636453,Naiv
857586,Hanif Hitmanic Sabzevari
2885367,KIXO (키조)
1965,정재형
653833,이치훈
1255886,Andrew Allen
60685,Didrik Thott
602271,PEEJAY
959232,이규형
2296974,bayb
844304,Andrew Scott
2639284,Emily Weisband
3885,박근태
3203382,Mac Felländer-Tsai
995173,제니 (JENNIE)
3106256,Gemma
725987,Jung Kook
3087232,Sophia Brenan
2969382,Kirsten Collins
2006833,김연서
771375,적재
606302,고영배
731775,조은영
2140104,해구
635719,이우민 'collapsedone'
944323,VINCENZO
2854856,고현정 (Jamfactory)
627051,서원진
2855673,Sleep Deez
3471,이근상
827434,Hash Swan
894861,Sophie Simmons
6974,김영욱
225993,최현준 (V.O.S)
640931,이단옆차기
41415,전종혁
875332,권수현(AIMING)
3093396,정수완
2742406,Kevin Jacoutot
22938,선미
2858833,Adam McInnis
3116666,다니엘(DANIELLE)
2398904,노이즈마스터민수 (noisemasterminsu)
2758756,BE'O (비오)
719719,찬란(CHANRAN)
3689654,Charli
4681,양재선
602391,이유진
1989795,Vince Nantes
2113114,백아
725984,j-hope
773385,우효
2138620,이무진
725986,Jin
3080986,JENCI
13692,홍진영
2019558,김승수
2561475,sokodomo
1050107,소연
742773,MINO (송민호)
2855667,Tom Wiklund
2399452,이해솔
3879531,황재현
2855670,LUTRA
2242048,Sarah Aarons
785725,차메인 (ChaMane)
52245,Michael Chapman
2903519,Jia Lih à Alex Jia Lih Hiew
2165,보아 (BoA)
4353,심현보
3127498,이은화 (153/Joombas)
2751022,Matt Thomson
1758439,김혜정
1865770,임미란
3374493,정은기
895386,성진 (DAY6)
2890277,Johnny McDaid
2750810,Henry Walter
20201,이상규
2881111,린다G
3233246,EVAN
756340,24
2745776,늑대
631031,서지음
2903519,Alex Jia Lih Hiew
2006131,Kako
2085020,Zior Park
2190430,TOIL
3750722,Lewis Jankel
2747971,먼치맨(MUNCHMAN)
511981,김이나
756529,문별 (마마무)
2731797,high seAson
1957885,Adien Lewis
170616,남혜승
3100715,이토르 (라라라스튜디오)
32783,이도연
2907660,SIAHN
3614649,Austin Nicole Wolfe
672625,GRAY (그레이)
2972563,Emma-Lee Andersson
686367,T-SK
261143,아이유
612437,Nermin Harambasic (Dsign Music)
3093352,PAU
1230217,Minit
2858715,우빈
2637391,Ji Soo Park (Chapter M)
2642636,박재희
3454133,Glenda “Gizzle” Proby
1202385,Louise Frick Sveen
10578,최갑원
47111,이승주
968260,전소미
2867316,Hadar Adora
979158,Chris James
1050222,네이슨 (NATHAN)
2139978,송재경
2894574,Rob Grimaldi
3461461,Maryjane(라라라스튜디오)
2019282,YouthK
3207401,PLAVE
2973311,Josh McClelland
685087,Dr.JO
602471,핫펠트 (HA:TFELT)
4079,방시혁
38339,이재우
1870,YG
2939019,Sebastian Garcia
2189536,송이한
2295598,Peder Elias
3749000,Sophie Leigh McBurnie
3454134,Makaila J Garcia
2911636,임수혁 (AIMING)
443420,박재범
2744750,BIG Naughty (서동현)
1459376,조세희
447901,폴린딜드 (Fallin' Dild)
2955788,Ayushy (THE HUB)
611542,조용민
3100716,Steve Octave
725988,Agust D
2971650,Daily
714723,멧돼지
786499,저스디스 (JUSTHIS)
3853,윤명선
2859608,홍훈기
725988,SUGA
60686,Sebastian Thott
2935568,Park Min Soo
549800,Ed Sheeran
788394,ARMADILLO
633731,박우상 (LOGOS)
2895623,은비
2297197,한아영
2736295,캥거루
3616,윤사라
3957502,Nicholas Chinn
724344,Hayley Aitken
3103012,Dan Gleyzer
1458453,Steven Lee
2855674,Richelle Alleyne
772255,잔나비 김도형
839732,멜로망스
1704486,Moa “Cazzi Opeia” Carlebecker
609561,서용배 (TENTEN)
1829,이세준(유리상자)
711132,전형기
944275,웅킴
3156916,키나(KEENA)
2756628,Hautboi Rich
444580,고태영
1841,유해준
60272,이채규
2855668,Hilda Stenmalm
2918024,방민규
2895877,David Wilson
3320348,Christopher Smith
2878391,Amy Allen
623251,릴보이 (lIlBOI)
858125,케이시 (Kassy)
532029,임성빈
603784,Fraktal
241227,베이식 (Basick)
648551,장범준
20038,광진
2916445,basecamp
991776,던 (DAWN)
3136139,김태영
773205,MAX
778337,Anders Nilsen
780318,안영민
2619696,키야
3236195,Tea Carpenter
4573,MGR
614871,Joohyoung (MonoTree)
